{"cameraMode":{"drawMode":0,"name":"Shaded","section":"Shading Mode"},"sceneLighting":false,"audioPlay":false,"sceneViewState":{"m_AlwaysRefresh":false,"showFog":true,"showSkybox":false,"showFlares":true,"showImageEffects":true,"showParticleSystems":true,"showVisualEffectGraphs":true,"m_FxEnabled":true},"in2DMode":false,"pivot":{"x":-0.0055405497550964359,"y":-0.14431196451187135,"z":-0.0006731152534484863},"rotation":{"x":0.20657885074615479,"y":-0.4337618350982666,"z":0.10275954753160477,"w":0.8710408210754395},"size":1.2581455707550049,"orthographic":false}