{"cameraMode":{"drawMode":0,"name":"Shaded","section":"Shading Mode"},"sceneLighting":false,"audioPlay":false,"sceneViewState":{"m_AlwaysRefresh":false,"showFog":true,"showSkybox":false,"showFlares":true,"showImageEffects":true,"showParticleSystems":true,"showVisualEffectGraphs":true,"m_FxEnabled":true},"in2DMode":false,"pivot":{"x":0.0000559687614440918,"y":0.8154588341712952,"z":0.00004172325134277344},"rotation":{"x":0.09192726761102677,"y":-0.5587292313575745,"z":0.06236867606639862,"w":0.8219383358955383},"size":1.184456467628479,"orthographic":false}