{"cameraMode":{"drawMode":0,"name":"Shaded","section":"Shading Mode"},"sceneLighting":false,"audioPlay":false,"sceneViewState":{"m_AlwaysRefresh":false,"showFog":true,"showSkybox":false,"showFlares":true,"showImageEffects":true,"showParticleSystems":true,"showVisualEffectGraphs":true,"m_FxEnabled":true},"in2DMode":false,"pivot":{"x":-0.0001099705696105957,"y":0.21656417846679688,"z":0.0005259662866592407},"rotation":{"x":0.11919156461954117,"y":-0.24603784084320069,"z":0.030393075197935106,"w":0.9614723324775696},"size":3.4034104347229006,"orthographic":false}