{"cameraMode":{"drawMode":0,"name":"Shaded","section":"Shading Mode"},"sceneLighting":false,"audioPlay":false,"sceneViewState":{"m_AlwaysRefresh":false,"showFog":true,"showSkybox":false,"showFlares":true,"showImageEffects":true,"showParticleSystems":true,"showVisualEffectGraphs":true,"m_FxEnabled":true},"in2DMode":false,"pivot":{"x":-2.9802322387695315e-8,"y":0.23844954371452332,"z":-7.450580596923828e-8},"rotation":{"x":0.281337708234787,"y":-0.39180395007133486,"z":0.12706632912158967,"w":0.8667709231376648},"size":0.5857043266296387,"orthographic":false}