{"cameraMode":{"drawMode":0,"name":"Shaded","section":"Shading Mode"},"sceneLighting":false,"audioPlay":false,"sceneViewState":{"m_AlwaysRefresh":false,"showFog":true,"showSkybox":false,"showFlares":true,"showImageEffects":true,"showParticleSystems":true,"showVisualEffectGraphs":true,"m_FxEnabled":true},"in2DMode":false,"pivot":{"x":0.000003814697265625,"y":0.4048061966896057,"z":-0.00667119026184082},"rotation":{"x":0.2130027711391449,"y":-0.3130268156528473,"z":0.0721285343170166,"w":0.9227949976921082},"size":4.844235897064209,"orthographic":false}