{"cameraMode":{"drawMode":0,"name":"Shaded","section":"Shading Mode"},"sceneLighting":false,"audioPlay":false,"sceneViewState":{"m_AlwaysRefresh":false,"showFog":true,"showSkybox":false,"showFlares":true,"showImageEffects":true,"showParticleSystems":true,"showVisualEffectGraphs":true,"m_FxEnabled":true},"in2DMode":false,"pivot":{"x":0.000003814697265625,"y":0.4048061966896057,"z":-0.00667119026184082},"rotation":{"x":0.04868278652429581,"y":-0.9353407025337219,"z":0.1416202038526535,"w":0.3206581473350525},"size":7.54423713684082,"orthographic":false}