{"cameraMode":{"drawMode":0,"name":"Shaded","section":"Shading Mode"},"sceneLighting":false,"audioPlay":false,"sceneViewState":{"m_AlwaysRefresh":false,"showFog":true,"showSkybox":false,"showFlares":true,"showImageEffects":true,"showParticleSystems":true,"showVisualEffectGraphs":true,"m_FxEnabled":true},"in2DMode":false,"pivot":{"x":1.0099999904632569,"y":0.22868970036506654,"z":8.940696716308594e-8},"rotation":{"x":0.11919156461954117,"y":-0.24603784084320069,"z":0.030393075197935106,"w":0.9614723324775696},"size":1.9800364971160889,"orthographic":false}